{"OP_M_mean": {"gmbs": 0.00015627002990903783, "gm": 0.0006216528395217583, "gds": 3.7265269495282e-05, "vdsat": 0.10514987668485165, "vth": 0.7951476129654014, "id": 6.442067203609014e-05, "ibd": -4.663524686935222e-11, "ibs": -1.2703767237679557e-12, "gbd": 7.551713691889609e-11, "gbs": 9.197859918745923e-11, "isub": 4.611352745004135e-10, "igidl": 1.7058457580493056e-22, "igisl": 0.0, "igs": 0.0, "igd": 0.0, "igb": 0.0, "igcs": 0.0, "vbs": -0.011964941484700698, "vgs": 0.8379923326189871, "vds": 0.7804084799285572, "cgs": -3.740640409202104e-12, "cgd": -5.568059381065326e-13, "cbd": -2.696231561316335e-13, "cdg": -1.7733219134806354e-12, "csg": -2.3457189994005764e-12, "cdb": -4.898634886461804e-13}, "OP_M_std": {"gmbs": 0.000584144533401393, "gm": 0.0023167028744970853, "gds": 0.00021305159182263136, "vdsat": 0.09563944464153815, "vth": 0.23530990147143474, "id": 0.0003958928009376291, "ibd": 8.809181982928126e-11, "ibs": 3.424256307395662e-12, "gbd": 9.037974899178091e-11, "gbs": 1.126417905650939e-10, "isub": 6.557693714023491e-09, "igidl": 8.396844129249062e-21, "igisl": 0.0, "igs": 0.0, "igd": 0.0, "igb": 0.0, "igcs": 0.0, "vbs": 0.028726735020867596, "vgs": 0.3019237669399291, "vds": 0.48569123100997064, "cgs": 6.09713678918312e-12, "cgd": 1.76291964184713e-12, "cbd": 8.359601488384628e-13, "cdg": 2.9684026351468138e-12, "csg": 3.790977112000041e-12, "cdb": 8.284721554761141e-13}}